precinctCode,precinct,election,percentVoting
4,AWENDAW,vhgen16,71.28
8,CHRIST CHURCH,vhgen16,71.95
10,ISLE OF PALMS 1A,vhgen16,71.32
11,ISLE OF PALMS 1B,vhgen16,69.78
12,ISLE OF PALMS 1C,vhgen16,77.56
32,SULLIVANS ISLAND,vhgen16,74.37
100,MCCLELLANVILLE,vhgen16,66.91
102,DEER PARK 1A,vhgen16,51.38
103,DEER PARK 1B,vhgen16,53.04
104,DEER PARK 2A,vhgen16,52.81
105,DEER PARK 2B,vhgen16,51.84
106,DEER PARK 2C,vhgen16,64.16
107,DEER PARK 3,vhgen16,58.05
110,LINCOLNVILLE,vhgen16,63.52
132,LADSON,vhgen16,55.96
173,EDISTO ISLAND,vhgen16,76.15
174,WADMALAW ISLAND 1,vhgen16,73.04
175,WADMALAW ISLAND 2,vhgen16,73.5
180,KIAWAH ISLAND,vhgen16,76.05
181,TOWN OF SEABROOK,vhgen16,75.99
184,FOLLY BEACH 1,vhgen16,63.93
185,FOLLY BEACH 2,vhgen16,69.11
201,CHARLESTON 1,vhgen16,74.2
202,CHARLESTON 2,vhgen16,67.82
203,CHARLESTON 3,vhgen16,68.87
204,CHARLESTON 4,vhgen16,56.15
205,CHARLESTON 5,vhgen16,57.67
206,CHARLESTON 6,vhgen16,50.83
207,CHARLESTON 7,vhgen16,46.69
208,CHARLESTON 8,vhgen16,52.76
209,CHARLESTON 9,vhgen16,50.84
210,CHARLESTON 10,vhgen16,33.8
211,CHARLESTON 11,vhgen16,43.41
212,CHARLESTON 12,vhgen16,53.54
213,CHARLESTON 13,vhgen16,56.6
214,CHARLESTON 14,vhgen16,46.42
215,CHARLESTON 15,vhgen16,40.59
216,CHARLESTON 16,vhgen16,58.5
217,CHARLESTON 17,vhgen16,59.68
218,CHARLESTON 18,vhgen16,55.7
219,CHARLESTON 19,vhgen16,66.55
220,CHARLESTON 20,vhgen16,68.37
221,CHARLESTON 21,vhgen16,61.65
301,MT PLEASANT 1,vhgen16,71.95
302,MT PLEASANT 2,vhgen16,57.64
303,MT PLEASANT 3,vhgen16,70.24
304,MT PLEASANT 4,vhgen16,67.48
305,MT PLEASANT 5,vhgen16,73.01
306,MT PLEASANT 6,vhgen16,63.47
307,MT PLEASANT 7,vhgen16,64.96
308,MT PLEASANT 8,vhgen16,68.27
309,MT PLEASANT 9,vhgen16,70.39
310,MT PLEASANT 10,vhgen16,77.3
311,MT PLEASANT 11,vhgen16,65.07
312,MT PLEASANT 12,vhgen16,67.21
313,MT PLEASANT 13,vhgen16,58.52
314,MT PLEASANT 14,vhgen16,57.66
315,MT PLEASANT 15,vhgen16,76.41
316,MT PLEASANT 16,vhgen16,81.85
317,MT PLEASANT 17,vhgen16,67.05
318,MT PLEASANT 18,vhgen16,76.97
319,MT PLEASANT 19,vhgen16,62.11
320,MT PLEASANT 20,vhgen16,71.42
321,MT PLEASANT 21,vhgen16,71.13
322,MT PLEASANT 22,vhgen16,70.36
323,MT PLEASANT 23,vhgen16,63.47
324,MT PLEASANT 24,vhgen16,67.9
325,MT PLEASANT 25,vhgen16,74.44
326,MT PLEASANT 26,vhgen16,70.55
327,MT PLEASANT 27,vhgen16,74.99
328,MT PLEASANT 28,vhgen16,75.38
329,MT PLEASANT 29,vhgen16,78.84
330,MT PLEASANT 30,vhgen16,75.92
331,MT PLEASANT 31,vhgen16,68.31
332,MT PLEASANT 32,vhgen16,68.9
333,MT PLEASANT 33,vhgen16,73.1
334,MT PLEASANT 34,vhgen16,65.09
335,MT PLEASANT 35,vhgen16,68.56
336,MT PLEASANT 36,vhgen16,65.97
337,MT PLEASANT 37,vhgen16,70.87
338,MT PLEASANT 38,vhgen16,67.33
339,MT PLEASANT 39,vhgen16,77.17
400,JAMES ISLAND 1A,vhgen16,67.83
401,JAMES ISLAND 1B,vhgen16,65.93
402,JAMES ISLAND 3,vhgen16,67.12
403,JAMES ISLAND 5A,vhgen16,73.48
404,JAMES ISLAND 5B,vhgen16,69.67
405,JAMES ISLAND 6,vhgen16,67.92
406,JAMES ISLAND 7,vhgen16,64.94
407,JAMES ISLAND 8A,vhgen16,65.97
408,JAMES ISLAND 8B,vhgen16,54.99
409,JAMES ISLAND 9,vhgen16,65.04
410,JAMES ISLAND 10,vhgen16,62.41
411,JAMES ISLAND 11,vhgen16,67.85
412,JAMES ISLAND 12,vhgen16,75.28
413,JAMES ISLAND 13,vhgen16,72.03
414,JAMES ISLAND 14,vhgen16,72.21
415,JAMES ISLAND 15,vhgen16,59.47
417,JAMES ISLAND 17,vhgen16,55.6
419,JAMES ISLAND 19,vhgen16,63.25
420,JAMES ISLAND 20,vhgen16,63.53
422,JAMES ISLAND 22,vhgen16,71.29
440,JOHNS ISLAND 1A,vhgen16,66.84
441,JOHNS ISLAND 1B,vhgen16,64.1
442,JOHNS ISLAND 2,vhgen16,64.45
443,JOHNS ISLAND 3A,vhgen16,70.5
444,JOHNS ISLAND 3B,vhgen16,72.03
445,JOHNS ISLAND 4,vhgen16,66.72
460,ST PAULS 1,vhgen16,70.37
461,ST PAULS 2A,vhgen16,62.73
462,ST PAULS 2B,vhgen16,69.33
463,ST PAULS 3,vhgen16,75.75
464,ST PAULS 4,vhgen16,67.83
465,ST PAULS 5,vhgen16,66.97
466,ST PAULS 6,vhgen16,68.5
501,ST ANDREWS 1,vhgen16,64.78
502,ST ANDREWS 2,vhgen16,59.26
503,ST ANDREWS 3,vhgen16,65.83
504,ST ANDREWS 4,vhgen16,73.12
505,ST ANDREWS 5,vhgen16,74.78
506,ST ANDREWS 6,vhgen16,75.02
507,ST ANDREWS 7,vhgen16,70.51
508,ST ANDREWS 8,vhgen16,59.46
509,ST ANDREWS 9,vhgen16,60.02
510,ST ANDREWS 10,vhgen16,69.52
511,ST ANDREWS 11,vhgen16,79.56
512,ST ANDREWS 12,vhgen16,76.75
513,ST ANDREWS 13,vhgen16,64.44
514,ST ANDREWS 14,vhgen16,70.4
515,ST ANDREWS 15,vhgen16,51.29
516,ST ANDREWS 16,vhgen16,68.23
517,ST ANDREWS 17,vhgen16,71.44
518,ST ANDREWS 18,vhgen16,58.97
519,ST ANDREWS 19,vhgen16,68.28
520,ST ANDREWS 20,vhgen16,53.53
521,ST ANDREWS 21,vhgen16,59.54
522,ST ANDREWS 22,vhgen16,62.98
523,ST ANDREWS 23,vhgen16,49.22
524,ST ANDREWS 24,vhgen16,56.36
525,ST ANDREWS 25,vhgen16,51.19
526,ST ANDREWS 26,vhgen16,68.06
527,ST ANDREWS 27,vhgen16,66.18
528,ST ANDREWS 28,vhgen16,62.7
529,ST ANDREWS 29,vhgen16,61.32
530,ST ANDREWS 30,vhgen16,56.5
531,ST ANDREWS 31,vhgen16,66.33
532,ST ANDREWS 32,vhgen16,67.36
533,ST ANDREWS 33,vhgen16,76.83
534,ST ANDREWS 34,vhgen16,66.16
535,ST ANDREWS 35,vhgen16,71.58
536,ST ANDREWS 36,vhgen16,68.04
537,ST ANDREWS 37,vhgen16,66.09
601,N CHARLESTON 1,vhgen16,51.89
602,N CHARLESTON 2,vhgen16,47.9
603,N CHARLESTON 3,vhgen16,67.07
604,N CHARLESTON 4,vhgen16,59.07
605,N CHARLESTON 5,vhgen16,49.93
606,N CHARLESTON 6,vhgen16,53.92
607,N CHARLESTON 7,vhgen16,42.94
608,N CHARLESTON 8,vhgen16,57.11
609,N CHARLESTON 9,vhgen16,57.32
610,N CHARLESTON 10,vhgen16,49.9
611,N CHARLESTON 11,vhgen16,68.88
612,N CHARLESTON 12,vhgen16,73.39
613,N CHARLESTON 13,vhgen16,52.32
614,N CHARLESTON 14,vhgen16,64.06
615,N CHARLESTON 15,vhgen16,52.1
616,N CHARLESTON 16,vhgen16,55.66
617,N CHARLESTON 17,vhgen16,46.31
618,N CHARLESTON 18,vhgen16,54.57
619,N CHARLESTON 19,vhgen16,63.01
620,N CHARLESTON 20,vhgen16,69.96
621,N CHARLESTON 21,vhgen16,55.77
622,N CHARLESTON 22,vhgen16,52.29
623,N CHARLESTON 23,vhgen16,58.43
624,N CHARLESTON 24,vhgen16,54.88
625,N CHARLESTON 25,vhgen16,55.27
626,N CHARLESTON 26,vhgen16,57.34
627,N CHARLESTON 27,vhgen16,49.73
628,N CHARLESTON 28,vhgen16,42.5
629,N CHARLESTON 29,vhgen16,48.99
630,N CHARLESTON 30,vhgen16,61.08
 &nbsp; ,Totals,vhgen16,63.99
4,AWENDAW,vhgen14,48.33
8,CHRIST CHURCH,vhgen14,46.67
10,ISLE OF PALMS 1A,vhgen14,47.74
11,ISLE OF PALMS 1B,vhgen14,45.39
12,ISLE OF PALMS 1C,vhgen14,54.18
32,SULLIVANS ISLAND,vhgen14,51.68
100,MCCLELLANVILLE,vhgen14,47.74
102,DEER PARK 1A,vhgen14,31.12
103,DEER PARK 1B,vhgen14,31.32
104,DEER PARK 2A,vhgen14,31.14
105,DEER PARK 2B,vhgen14,29.54
106,DEER PARK 2C,vhgen14,45.88
107,DEER PARK 3,vhgen14,35.91
110,LINCOLNVILLE,vhgen14,39.84
132,LADSON,vhgen14,33.93
173,EDISTO ISLAND,vhgen14,49.71
174,WADMALAW ISLAND 1,vhgen14,51.05
175,WADMALAW ISLAND 2,vhgen14,57.18
180,KIAWAH ISLAND,vhgen14,54.41
181,TOWN OF SEABROOK,vhgen14,58.52
184,FOLLY BEACH 1,vhgen14,38.31
185,FOLLY BEACH 2,vhgen14,42.51
201,CHARLESTON 1,vhgen14,52.85
202,CHARLESTON 2,vhgen14,48.8
203,CHARLESTON 3,vhgen14,46.49
204,CHARLESTON 4,vhgen14,31.1
205,CHARLESTON 5,vhgen14,35.27
206,CHARLESTON 6,vhgen14,29.15
207,CHARLESTON 7,vhgen14,19.04
208,CHARLESTON 8,vhgen14,32.78
209,CHARLESTON 9,vhgen14,26.93
210,CHARLESTON 10,vhgen14,11.86
211,CHARLESTON 11,vhgen14,19.91
212,CHARLESTON 12,vhgen14,32.57
213,CHARLESTON 13,vhgen14,33.1
214,CHARLESTON 14,vhgen14,14.65
215,CHARLESTON 15,vhgen14,21.15
216,CHARLESTON 16,vhgen14,31.89
217,CHARLESTON 17,vhgen14,36.95
218,CHARLESTON 18,vhgen14,33.72
219,CHARLESTON 19,vhgen14,45.87
220,CHARLESTON 20,vhgen14,40.03
221,CHARLESTON 21,vhgen14,42.96
301,MT PLEASANT 1,vhgen14,48.1
302,MT PLEASANT 2,vhgen14,33.77
303,MT PLEASANT 3,vhgen14,43.36
304,MT PLEASANT 4,vhgen14,42.75
305,MT PLEASANT 5,vhgen14,45
306,MT PLEASANT 6,vhgen14,34.75
307,MT PLEASANT 7,vhgen14,35.74
308,MT PLEASANT 8,vhgen14,41.73
309,MT PLEASANT 9,vhgen14,39.36
310,MT PLEASANT 10,vhgen14,51.03
311,MT PLEASANT 11,vhgen14,40.4
312,MT PLEASANT 12,vhgen14,37.43
313,MT PLEASANT 13,vhgen14,33.13
314,MT PLEASANT 14,vhgen14,30.63
315,MT PLEASANT 15,vhgen14,49.91
316,MT PLEASANT 16,vhgen14,61.22
317,MT PLEASANT 17,vhgen14,38.32
318,MT PLEASANT 18,vhgen14,52.29
319,MT PLEASANT 19,vhgen14,32.3
320,MT PLEASANT 20,vhgen14,46.61
321,MT PLEASANT 21,vhgen14,47.81
322,MT PLEASANT 22,vhgen14,40.14
323,MT PLEASANT 23,vhgen14,35.49
324,MT PLEASANT 24,vhgen14,41.49
325,MT PLEASANT 25,vhgen14,51.55
326,MT PLEASANT 26,vhgen14,51.75
327,MT PLEASANT 27,vhgen14,42.57
328,MT PLEASANT 28,vhgen14,44.25
329,MT PLEASANT 29,vhgen14,52.05
330,MT PLEASANT 30,vhgen14,47.59
331,MT PLEASANT 31,vhgen14,39.72
332,MT PLEASANT 32,vhgen14,39.45
333,MT PLEASANT 33,vhgen14,42.93
334,MT PLEASANT 34,vhgen14,38.87
335,MT PLEASANT 35,vhgen14,36.62
336,MT PLEASANT 36,vhgen14,35.06
337,MT PLEASANT 37,vhgen14,42.14
338,MT PLEASANT 38,vhgen14,43.13
339,MT PLEASANT 39,vhgen14,50.04
400,JAMES ISLAND 1A,vhgen14,38.64
401,JAMES ISLAND 1B,vhgen14,49.52
402,JAMES ISLAND 3,vhgen14,54.91
403,JAMES ISLAND 5A,vhgen14,48.05
404,JAMES ISLAND 5B,vhgen14,43.68
405,JAMES ISLAND 6,vhgen14,44.18
406,JAMES ISLAND 7,vhgen14,36.23
407,JAMES ISLAND 8A,vhgen14,45.11
408,JAMES ISLAND 8B,vhgen14,26.25
409,JAMES ISLAND 9,vhgen14,39.32
410,JAMES ISLAND 10,vhgen14,34.99
411,JAMES ISLAND 11,vhgen14,38.15
412,JAMES ISLAND 12,vhgen14,48.57
413,JAMES ISLAND 13,vhgen14,44.35
414,JAMES ISLAND 14,vhgen14,44.48
415,JAMES ISLAND 15,vhgen14,30.76
417,JAMES ISLAND 17,vhgen14,28.04
419,JAMES ISLAND 19,vhgen14,36.77
420,JAMES ISLAND 20,vhgen14,33.59
422,JAMES ISLAND 22,vhgen14,38.65
440,JOHNS ISLAND 1A,vhgen14,45.8
441,JOHNS ISLAND 1B,vhgen14,44.98
443,JOHNS ISLAND 3A,vhgen14,43.11
444,JOHNS ISLAND 3B,vhgen14,50.51
445,JOHNS ISLAND 4,vhgen14,48.62
460,ST PAULS 1,vhgen14,50.18
461,ST PAULS 2A,vhgen14,41.05
462,ST PAULS 2B,vhgen14,47.98
463,ST PAULS 3,vhgen14,52.43
464,ST PAULS 4,vhgen14,45.59
465,ST PAULS 5,vhgen14,43.3
466,ST PAULS 6,vhgen14,45.95
501,ST ANDREWS 1,vhgen14,43.47
502,ST ANDREWS 2,vhgen14,29.99
503,ST ANDREWS 3,vhgen14,46.49
504,ST ANDREWS 4,vhgen14,47.14
505,ST ANDREWS 5,vhgen14,48.46
506,ST ANDREWS 6,vhgen14,50.37
507,ST ANDREWS 7,vhgen14,45.08
508,ST ANDREWS 8,vhgen14,41.61
509,ST ANDREWS 9,vhgen14,40.51
510,ST ANDREWS 10,vhgen14,46.9
511,ST ANDREWS 11,vhgen14,54.64
512,ST ANDREWS 12,vhgen14,52.05
513,ST ANDREWS 13,vhgen14,42.75
514,ST ANDREWS 14,vhgen14,44.95
515,ST ANDREWS 15,vhgen14,32.41
516,ST ANDREWS 16,vhgen14,38.15
517,ST ANDREWS 17,vhgen14,45.43
518,ST ANDREWS 18,vhgen14,36.79
519,ST ANDREWS 19,vhgen14,54.46
520,ST ANDREWS 20,vhgen14,31.5
521,ST ANDREWS 21,vhgen14,38.22
522,ST ANDREWS 22,vhgen14,40.3
523,ST ANDREWS 23,vhgen14,22.29
524,ST ANDREWS 24,vhgen14,35.88
525,ST ANDREWS 25,vhgen14,29.43
526,ST ANDREWS 26,vhgen14,45.34
527,ST ANDREWS 27,vhgen14,33.58
528,ST ANDREWS 28,vhgen14,36.69
529,ST ANDREWS 29,vhgen14,32.11
530,ST ANDREWS 30,vhgen14,32.93
531,ST ANDREWS 31,vhgen14,42.44
532,ST ANDREWS 32,vhgen14,44.76
533,ST ANDREWS 33,vhgen14,53.03
534,ST ANDREWS 34,vhgen14,43.18
535,ST ANDREWS 35,vhgen14,47.49
536,ST ANDREWS 36,vhgen14,44.34
537,ST ANDREWS 37,vhgen14,35.99
601,N CHARLESTON 1,vhgen14,39.39
602,N CHARLESTON 2,vhgen14,29.44
603,N CHARLESTON 3,vhgen14,45.3
604,N CHARLESTON 4,vhgen14,40.87
605,N CHARLESTON 5,vhgen14,36.01
606,N CHARLESTON 6,vhgen14,36.58
607,N CHARLESTON 7,vhgen14,23.76
608,N CHARLESTON 8,vhgen14,31.16
609,N CHARLESTON 9,vhgen14,33.58
610,N CHARLESTON 10,vhgen14,31.3
611,N CHARLESTON 11,vhgen14,48.12
612,N CHARLESTON 12,vhgen14,45.76
613,N CHARLESTON 13,vhgen14,32.7
614,N CHARLESTON 14,vhgen14,38.7
615,N CHARLESTON 15,vhgen14,28.96
616,N CHARLESTON 16,vhgen14,38.2
617,N CHARLESTON 17,vhgen14,30.46
618,N CHARLESTON 18,vhgen14,34.77
619,N CHARLESTON 19,vhgen14,35.81
620,N CHARLESTON 20,vhgen14,54.37
621,N CHARLESTON 21,vhgen14,34.86
622,N CHARLESTON 22,vhgen14,28.53
623,N CHARLESTON 23,vhgen14,39
624,N CHARLESTON 24,vhgen14,33.35
625,N CHARLESTON 25,vhgen14,38.8
626,N CHARLESTON 26,vhgen14,43.44
627,N CHARLESTON 27,vhgen14,26.96
628,N CHARLESTON 28,vhgen14,23.63
629,N CHARLESTON 29,vhgen14,29.09
630,N CHARLESTON 30,vhgen14,42.81
442,JOHNS ISLAND 2,vhgen14,34.16
 &nbsp; ,Totals,vhgen14,39.49
4,AWENDAW,vhgen12,74.15
8,CHRIST CHURCH,vhgen12,74.32
10,ISLE OF PALMS 1A,vhgen12,68.17
11,ISLE OF PALMS 1B,vhgen12,70.6
12,ISLE OF PALMS 1C,vhgen12,75.7
32,SULLIVANS ISLAND,vhgen12,73.47
100,MCCLELLANVILLE,vhgen12,71.42
102,DEER PARK 1A,vhgen12,58.29
103,DEER PARK 1B,vhgen12,55.97
104,DEER PARK 2A,vhgen12,58.03
105,DEER PARK 2B,vhgen12,52.73
106,DEER PARK 2C,vhgen12,67.81
107,DEER PARK 3,vhgen12,63.78
110,LINCOLNVILLE,vhgen12,65.83
132,LADSON,vhgen12,62.89
173,EDISTO ISLAND,vhgen12,77.49
174,WADMALAW ISLAND 1,vhgen12,73.76
175,WADMALAW ISLAND 2,vhgen12,79.8
180,KIAWAH ISLAND,vhgen12,77.89
181,TOWN OF SEABROOK,vhgen12,80.73
184,FOLLY BEACH 1,vhgen12,61.81
185,FOLLY BEACH 2,vhgen12,67.82
201,CHARLESTON 1,vhgen12,73.14
202,CHARLESTON 2,vhgen12,71.72
203,CHARLESTON 3,vhgen12,70.03
204,CHARLESTON 4,vhgen12,59.14
205,CHARLESTON 5,vhgen12,59.73
206,CHARLESTON 6,vhgen12,52.6
207,CHARLESTON 7,vhgen12,49.91
208,CHARLESTON 8,vhgen12,54.6
209,CHARLESTON 9,vhgen12,51.74
210,CHARLESTON 10,vhgen12,43.55
211,CHARLESTON 11,vhgen12,41.32
212,CHARLESTON 12,vhgen12,60.04
213,CHARLESTON 13,vhgen12,61.06
214,CHARLESTON 14,vhgen12,47.65
215,CHARLESTON 15,vhgen12,55.31
216,CHARLESTON 16,vhgen12,64.15
217,CHARLESTON 17,vhgen12,61.85
218,CHARLESTON 18,vhgen12,65
219,CHARLESTON 19,vhgen12,68.46
220,CHARLESTON 20,vhgen12,71.08
221,CHARLESTON 21,vhgen12,71.86
301,MT PLEASANT 1,vhgen12,73.95
302,MT PLEASANT 2,vhgen12,56.18
303,MT PLEASANT 3,vhgen12,69.75
304,MT PLEASANT 4,vhgen12,64.2
305,MT PLEASANT 5,vhgen12,72.47
306,MT PLEASANT 6,vhgen12,65.52
307,MT PLEASANT 7,vhgen12,68.27
308,MT PLEASANT 8,vhgen12,70.42
309,MT PLEASANT 9,vhgen12,70.51
310,MT PLEASANT 10,vhgen12,74.15
311,MT PLEASANT 11,vhgen12,64.76
312,MT PLEASANT 12,vhgen12,63.87
313,MT PLEASANT 13,vhgen12,59.25
314,MT PLEASANT 14,vhgen12,61.73
315,MT PLEASANT 15,vhgen12,76.4
316,MT PLEASANT 16,vhgen12,79.2
317,MT PLEASANT 17,vhgen12,64.06
318,MT PLEASANT 18,vhgen12,76.03
319,MT PLEASANT 19,vhgen12,59.2
320,MT PLEASANT 20,vhgen12,69.5
321,MT PLEASANT 21,vhgen12,70.43
322,MT PLEASANT 22,vhgen12,64.73
323,MT PLEASANT 23,vhgen12,59.27
324,MT PLEASANT 24,vhgen12,64.91
325,MT PLEASANT 25,vhgen12,73.44
326,MT PLEASANT 26,vhgen12,76.21
327,MT PLEASANT 27,vhgen12,74.77
328,MT PLEASANT 28,vhgen12,73.42
329,MT PLEASANT 29,vhgen12,77.78
330,MT PLEASANT 30,vhgen12,75.95
331,MT PLEASANT 31,vhgen12,69.16
332,MT PLEASANT 32,vhgen12,68.84
333,MT PLEASANT 33,vhgen12,71.71
334,MT PLEASANT 34,vhgen12,68.61
335,MT PLEASANT 35,vhgen12,66.69
336,MT PLEASANT 36,vhgen12,68.31
337,MT PLEASANT 37,vhgen12,71.02
338,MT PLEASANT 38,vhgen12,70.93
339,MT PLEASANT 39,vhgen12,73.41
400,JAMES ISLAND 1A,vhgen12,68.17
401,JAMES ISLAND 1B,vhgen12,70.87
402,JAMES ISLAND 3,vhgen12,73.14
403,JAMES ISLAND 5A,vhgen12,70.27
404,JAMES ISLAND 5B,vhgen12,70.4
405,JAMES ISLAND 6,vhgen12,68.65
406,JAMES ISLAND 7,vhgen12,62.28
407,JAMES ISLAND 8A,vhgen12,66.74
408,JAMES ISLAND 8B,vhgen12,53.84
409,JAMES ISLAND 9,vhgen12,62.66
410,JAMES ISLAND 10,vhgen12,59.72
411,JAMES ISLAND 11,vhgen12,64.71
412,JAMES ISLAND 12,vhgen12,72.38
413,JAMES ISLAND 13,vhgen12,71.87
414,JAMES ISLAND 14,vhgen12,69.56
415,JAMES ISLAND 15,vhgen12,59.43
417,JAMES ISLAND 17,vhgen12,54.17
419,JAMES ISLAND 19,vhgen12,60.7
420,JAMES ISLAND 20,vhgen12,61.39
422,JAMES ISLAND 22,vhgen12,66.12
440,JOHNS ISLAND 1A,vhgen12,66.07
441,JOHNS ISLAND 1B,vhgen12,66.84
442,JOHNS ISLAND 2,vhgen12,60.56
443,JOHNS ISLAND 3A,vhgen12,67.96
444,JOHNS ISLAND 3B,vhgen12,71.47
445,JOHNS ISLAND 4,vhgen12,69.9
460,ST PAULS 1,vhgen12,77.45
461,ST PAULS 2A,vhgen12,63.75
462,ST PAULS 2B,vhgen12,70.9
463,ST PAULS 3,vhgen12,76.37
464,ST PAULS 4,vhgen12,70.69
465,ST PAULS 5,vhgen12,69.04
466,ST PAULS 6,vhgen12,68.14
501,ST ANDREWS 1,vhgen12,69.15
502,ST ANDREWS 2,vhgen12,61.09
503,ST ANDREWS 3,vhgen12,69.6
504,ST ANDREWS 4,vhgen12,78.31
505,ST ANDREWS 5,vhgen12,78.89
506,ST ANDREWS 6,vhgen12,75.72
507,ST ANDREWS 7,vhgen12,69.36
508,ST ANDREWS 8,vhgen12,65.53
509,ST ANDREWS 9,vhgen12,67.84
510,ST ANDREWS 10,vhgen12,71.54
511,ST ANDREWS 11,vhgen12,75.66
512,ST ANDREWS 12,vhgen12,76.02
513,ST ANDREWS 13,vhgen12,68.41
514,ST ANDREWS 14,vhgen12,71.39
515,ST ANDREWS 15,vhgen12,57.59
516,ST ANDREWS 16,vhgen12,67.27
517,ST ANDREWS 17,vhgen12,70.72
518,ST ANDREWS 18,vhgen12,62.83
519,ST ANDREWS 19,vhgen12,74.16
520,ST ANDREWS 20,vhgen12,58.39
521,ST ANDREWS 21,vhgen12,64.26
522,ST ANDREWS 22,vhgen12,63.39
523,ST ANDREWS 23,vhgen12,49.11
524,ST ANDREWS 24,vhgen12,61.56
525,ST ANDREWS 25,vhgen12,53.04
526,ST ANDREWS 26,vhgen12,70.07
527,ST ANDREWS 27,vhgen12,71.16
528,ST ANDREWS 28,vhgen12,70.78
529,ST ANDREWS 29,vhgen12,58.93
530,ST ANDREWS 30,vhgen12,58.39
531,ST ANDREWS 31,vhgen12,68.4
532,ST ANDREWS 32,vhgen12,69.44
533,ST ANDREWS 33,vhgen12,75.67
534,ST ANDREWS 34,vhgen12,68.85
535,ST ANDREWS 35,vhgen12,70.17
536,ST ANDREWS 36,vhgen12,68.96
537,ST ANDREWS 37,vhgen12,68.47
601,N CHARLESTON 1,vhgen12,63.99
602,N CHARLESTON 2,vhgen12,56.99
603,N CHARLESTON 3,vhgen12,70.08
604,N CHARLESTON 4,vhgen12,66.97
605,N CHARLESTON 5,vhgen12,65.51
606,N CHARLESTON 6,vhgen12,64.18
607,N CHARLESTON 7,vhgen12,52.86
608,N CHARLESTON 8,vhgen12,56.36
609,N CHARLESTON 9,vhgen12,59.93
610,N CHARLESTON 10,vhgen12,59.3
611,N CHARLESTON 11,vhgen12,70.81
612,N CHARLESTON 12,vhgen12,74.6
613,N CHARLESTON 13,vhgen12,61.55
614,N CHARLESTON 14,vhgen12,60.34
615,N CHARLESTON 15,vhgen12,60.03
616,N CHARLESTON 16,vhgen12,61.8
617,N CHARLESTON 17,vhgen12,53.5
618,N CHARLESTON 18,vhgen12,61.99
619,N CHARLESTON 19,vhgen12,63.04
620,N CHARLESTON 20,vhgen12,75.49
621,N CHARLESTON 21,vhgen12,60.42
622,N CHARLESTON 22,vhgen12,56.39
623,N CHARLESTON 23,vhgen12,61.85
624,N CHARLESTON 24,vhgen12,55.28
625,N CHARLESTON 25,vhgen12,67.33
626,N CHARLESTON 26,vhgen12,66.59
627,N CHARLESTON 27,vhgen12,56.91
628,N CHARLESTON 28,vhgen12,51.18
629,N CHARLESTON 29,vhgen12,54.83
630,N CHARLESTON 30,vhgen12,66.06
 &nbsp; ,Totals,vhgen12,65.73
4,AWENDAW,vhgen10,46.6
8,CHRIST CHURCH,vhgen10,51.83
10,ISLE OF PALMS 1A,vhgen10,56.43
11,ISLE OF PALMS 1B,vhgen10,56.27
12,ISLE OF PALMS 1C,vhgen10,66.39
32,SULLIVANS ISLAND,vhgen10,60.38
100,MCCLELLANVILLE,vhgen10,52.12
102,DEER PARK 1A,vhgen10,33.62
103,DEER PARK 1B,vhgen10,33.77
104,DEER PARK 2A,vhgen10,42.58
105,DEER PARK 2B,vhgen10,31.38
106,DEER PARK 2C,vhgen10,52.62
107,DEER PARK 3,vhgen10,45.88
110,LINCOLNVILLE,vhgen10,47.1
132,LADSON,vhgen10,33.11
173,EDISTO ISLAND,vhgen10,59.34
174,WADMALAW ISLAND 1,vhgen10,56.91
175,WADMALAW ISLAND 2,vhgen10,62.04
180,KIAWAH ISLAND,vhgen10,67.77
181,TOWN OF SEABROOK,vhgen10,69.33
184,FOLLY BEACH 1,vhgen10,46.21
185,FOLLY BEACH 2,vhgen10,52.65
201,CHARLESTON 1,vhgen10,60.61
202,CHARLESTON 2,vhgen10,57.33
203,CHARLESTON 3,vhgen10,58.52
204,CHARLESTON 4,vhgen10,43.05
205,CHARLESTON 5,vhgen10,46.21
206,CHARLESTON 6,vhgen10,39.76
207,CHARLESTON 7,vhgen10,31.75
208,CHARLESTON 8,vhgen10,37.62
209,CHARLESTON 9,vhgen10,37.71
210,CHARLESTON 10,vhgen10,24.79
211,CHARLESTON 11,vhgen10,28.39
212,CHARLESTON 12,vhgen10,40.63
213,CHARLESTON 13,vhgen10,41.43
214,CHARLESTON 14,vhgen10,31.46
215,CHARLESTON 15,vhgen10,25.9
216,CHARLESTON 16,vhgen10,46.36
217,CHARLESTON 17,vhgen10,50.13
218,CHARLESTON 18,vhgen10,44.71
219,CHARLESTON 19,vhgen10,48.85
220,CHARLESTON 20,vhgen10,53.27
221,CHARLESTON 21,vhgen10,51.35
301,MT PLEASANT 1,vhgen10,60.22
302,MT PLEASANT 2,vhgen10,44.43
303,MT PLEASANT 3,vhgen10,54.24
304,MT PLEASANT 4,vhgen10,51.13
305,MT PLEASANT 5,vhgen10,57.95
306,MT PLEASANT 6,vhgen10,47.02
307,MT PLEASANT 7,vhgen10,50.46
308,MT PLEASANT 8,vhgen10,55.34
309,MT PLEASANT 9,vhgen10,55.31
310,MT PLEASANT 10,vhgen10,55.71
311,MT PLEASANT 11,vhgen10,43.81
312,MT PLEASANT 12,vhgen10,45.55
313,MT PLEASANT 13,vhgen10,36.74
314,MT PLEASANT 14,vhgen10,32.31
315,MT PLEASANT 15,vhgen10,60.87
316,MT PLEASANT 16,vhgen10,72.66
317,MT PLEASANT 17,vhgen10,50.08
318,MT PLEASANT 18,vhgen10,62.41
319,MT PLEASANT 19,vhgen10,42.08
320,MT PLEASANT 20,vhgen10,52.85
321,MT PLEASANT 21,vhgen10,56.17
322,MT PLEASANT 22,vhgen10,51.35
323,MT PLEASANT 23,vhgen10,41.08
324,MT PLEASANT 24,vhgen10,50.07
325,MT PLEASANT 25,vhgen10,64.47
326,MT PLEASANT 26,vhgen10,57.42
327,MT PLEASANT 27,vhgen10,53.14
328,MT PLEASANT 28,vhgen10,55.41
329,MT PLEASANT 29,vhgen10,64.57
330,MT PLEASANT 30,vhgen10,60.05
331,MT PLEASANT 31,vhgen10,51.52
332,MT PLEASANT 32,vhgen10,50.31
333,MT PLEASANT 33,vhgen10,52.84
334,MT PLEASANT 34,vhgen10,48.26
335,MT PLEASANT 35,vhgen10,46.22
336,MT PLEASANT 36,vhgen10,45.74
337,MT PLEASANT 37,vhgen10,53.1
338,MT PLEASANT 38,vhgen10,55.51
339,MT PLEASANT 39,vhgen10,59.69
400,JAMES ISLAND 1A,vhgen10,46.31
401,JAMES ISLAND 1B,vhgen10,53.58
402,JAMES ISLAND 3,vhgen10,58.36
403,JAMES ISLAND 5A,vhgen10,55.44
404,JAMES ISLAND 5B,vhgen10,53.12
405,JAMES ISLAND 6,vhgen10,49.45
406,JAMES ISLAND 7,vhgen10,46.81
407,JAMES ISLAND 8A,vhgen10,47.56
408,JAMES ISLAND 8B,vhgen10,34.65
409,JAMES ISLAND 9,vhgen10,46.01
410,JAMES ISLAND 10,vhgen10,43.51
411,JAMES ISLAND 11,vhgen10,48.53
412,JAMES ISLAND 12,vhgen10,58.47
413,JAMES ISLAND 13,vhgen10,59.22
414,JAMES ISLAND 14,vhgen10,53.05
415,JAMES ISLAND 15,vhgen10,42.53
417,JAMES ISLAND 17,vhgen10,38.38
419,JAMES ISLAND 19,vhgen10,46
420,JAMES ISLAND 20,vhgen10,44.09
422,JAMES ISLAND 22,vhgen10,50.11
440,JOHNS ISLAND 1A,vhgen10,54.59
441,JOHNS ISLAND 1B,vhgen10,50.39
442,JOHNS ISLAND 2,vhgen10,43.77
443,JOHNS ISLAND 3A,vhgen10,49.67
444,JOHNS ISLAND 3B,vhgen10,57.2
445,JOHNS ISLAND 4,vhgen10,52.47
460,ST PAULS 1,vhgen10,55.42
461,ST PAULS 2A,vhgen10,42.12
462,ST PAULS 2B,vhgen10,50.87
463,ST PAULS 3,vhgen10,57.39
464,ST PAULS 4,vhgen10,50.07
465,ST PAULS 5,vhgen10,47.88
466,ST PAULS 6,vhgen10,50.33
501,ST ANDREWS 1,vhgen10,42.92
502,ST ANDREWS 2,vhgen10,30.95
503,ST ANDREWS 3,vhgen10,46.56
504,ST ANDREWS 4,vhgen10,45.08
505,ST ANDREWS 5,vhgen10,49.42
506,ST ANDREWS 6,vhgen10,61.76
507,ST ANDREWS 7,vhgen10,53.85
508,ST ANDREWS 8,vhgen10,48.3
509,ST ANDREWS 9,vhgen10,41.78
510,ST ANDREWS 10,vhgen10,52.92
511,ST ANDREWS 11,vhgen10,61.99
512,ST ANDREWS 12,vhgen10,61.5
513,ST ANDREWS 13,vhgen10,55.12
514,ST ANDREWS 14,vhgen10,51.2
515,ST ANDREWS 15,vhgen10,35.2
516,ST ANDREWS 16,vhgen10,49.84
517,ST ANDREWS 17,vhgen10,54.76
518,ST ANDREWS 18,vhgen10,44.14
519,ST ANDREWS 19,vhgen10,52.59
520,ST ANDREWS 20,vhgen10,40.16
521,ST ANDREWS 21,vhgen10,46.82
522,ST ANDREWS 22,vhgen10,46.81
523,ST ANDREWS 23,vhgen10,29.8
524,ST ANDREWS 24,vhgen10,40.79
525,ST ANDREWS 25,vhgen10,33.91
526,ST ANDREWS 26,vhgen10,52.88
527,ST ANDREWS 27,vhgen10,51.88
528,ST ANDREWS 28,vhgen10,48.52
529,ST ANDREWS 29,vhgen10,39.37
530,ST ANDREWS 30,vhgen10,41.25
531,ST ANDREWS 31,vhgen10,48.05
532,ST ANDREWS 32,vhgen10,52.74
533,ST ANDREWS 33,vhgen10,59.88
534,ST ANDREWS 34,vhgen10,53.67
535,ST ANDREWS 35,vhgen10,53.82
536,ST ANDREWS 36,vhgen10,49.93
537,ST ANDREWS 37,vhgen10,45.62
601,N CHARLESTON 1,vhgen10,43.68
602,N CHARLESTON 2,vhgen10,35.29
603,N CHARLESTON 3,vhgen10,53.49
604,N CHARLESTON 4,vhgen10,46.06
605,N CHARLESTON 5,vhgen10,40.66
606,N CHARLESTON 6,vhgen10,41.43
607,N CHARLESTON 7,vhgen10,33.7
608,N CHARLESTON 8,vhgen10,39.51
609,N CHARLESTON 9,vhgen10,39.24
610,N CHARLESTON 10,vhgen10,38.86
611,N CHARLESTON 11,vhgen10,51.37
612,N CHARLESTON 12,vhgen10,54.41
613,N CHARLESTON 13,vhgen10,39.22
614,N CHARLESTON 14,vhgen10,43.36
615,N CHARLESTON 15,vhgen10,27.52
616,N CHARLESTON 16,vhgen10,43.33
617,N CHARLESTON 17,vhgen10,38.25
618,N CHARLESTON 18,vhgen10,42.39
619,N CHARLESTON 19,vhgen10,37.88
620,N CHARLESTON 20,vhgen10,59.52
621,N CHARLESTON 21,vhgen10,40.07
622,N CHARLESTON 22,vhgen10,33.78
623,N CHARLESTON 23,vhgen10,43.91
624,N CHARLESTON 24,vhgen10,35.77
625,N CHARLESTON 25,vhgen10,43.45
626,N CHARLESTON 26,vhgen10,49.84
627,N CHARLESTON 27,vhgen10,32.91
628,N CHARLESTON 28,vhgen10,29.36
629,N CHARLESTON 29,vhgen10,37.61
630,N CHARLESTON 30,vhgen10,48.59
 &nbsp; ,Totals,vhgen10,47.78
4,AWENDAW,vhgen08,79.1
8,CHRIST CHURCH,vhgen08,81.53
10,ISLE OF PALMS 1A,vhgen08,81.19
11,ISLE OF PALMS 1B,vhgen08,80.03
12,ISLE OF PALMS 1C,vhgen08,83.4
32,SULLIVANS ISLAND,vhgen08,83.87
100,MCCLELLANVILLE,vhgen08,78.98
102,DEER PARK 1A,vhgen08,72.53
103,DEER PARK 1B,vhgen08,65.95
104,DEER PARK 2A,vhgen08,70.25
105,DEER PARK 2B,vhgen08,63.04
106,DEER PARK 2C,vhgen08,78.54
107,DEER PARK 3,vhgen08,76.28
110,LINCOLNVILLE,vhgen08,74.68
132,LADSON,vhgen08,68.52
173,EDISTO ISLAND,vhgen08,81.63
174,WADMALAW ISLAND 1,vhgen08,81.62
175,WADMALAW ISLAND 2,vhgen08,84.53
180,KIAWAH ISLAND,vhgen08,85.38
181,TOWN OF SEABROOK,vhgen08,88.78
184,FOLLY BEACH 1,vhgen08,75.67
185,FOLLY BEACH 2,vhgen08,80.69
201,CHARLESTON 1,vhgen08,80.28
202,CHARLESTON 2,vhgen08,80.89
203,CHARLESTON 3,vhgen08,82.11
204,CHARLESTON 4,vhgen08,71.18
205,CHARLESTON 5,vhgen08,76.43
206,CHARLESTON 6,vhgen08,69.82
207,CHARLESTON 7,vhgen08,71.53
208,CHARLESTON 8,vhgen08,69
209,CHARLESTON 9,vhgen08,68.64
210,CHARLESTON 10,vhgen08,66.63
211,CHARLESTON 11,vhgen08,66.28
212,CHARLESTON 12,vhgen08,72.9
213,CHARLESTON 13,vhgen08,74.52
214,CHARLESTON 14,vhgen08,69.28
215,CHARLESTON 15,vhgen08,58.88
216,CHARLESTON 16,vhgen08,75.05
217,CHARLESTON 17,vhgen08,79.56
218,CHARLESTON 18,vhgen08,74.59
219,CHARLESTON 19,vhgen08,75.72
220,CHARLESTON 20,vhgen08,78.79
221,CHARLESTON 21,vhgen08,79.55
301,MT. PLEASANT 1,vhgen08,81.15
302,MT. PLEASANT 2,vhgen08,74.77
303,MT PLEASANT 3,vhgen08,82.93
304,MT. PLEASANT 4,vhgen08,79.94
305,MT. PLEASANT 5,vhgen08,83.23
306,MT. PLEASANT 6,vhgen08,77.06
307,MT. PLEASANT 7,vhgen08,78.49
308,MT. PLEASANT 8,vhgen08,81.41
309,MT. PLEASANT 9,vhgen08,83.69
310,MT PLEASANT 10,vhgen08,81.96
311,MT PLEASANT 11,vhgen08,81.03
312,MT. PLEASANT 12,vhgen08,80
313,MT. PLEASANT 13,vhgen08,72.81
314,MT. PLEASANT 14,vhgen08,68.38
315,MT PLEASANT 15,vhgen08,85.89
316,MT PLEASANT 16,vhgen08,87.3
317,MT PLEASANT 17,vhgen08,79.16
318,MT PLEASANT 18,vhgen08,84.09
319,MT PLEASANT 19,vhgen08,73.14
320,MT PLEASANT 20,vhgen08,79.64
321,MT PLEASANT 21,vhgen08,78.82
322,MT PLEASANT 22,vhgen08,78.68
323,MT PLEASANT 23,vhgen08,74.41
324,MT PLEASANT 24,vhgen08,80.09
325,MT PLEASANT 25,vhgen08,85.2
326,MT PLEASANT 26,vhgen08,82.67
327,MT PLEASANT 27,vhgen08,79.6
328,MT PLEASANT 28,vhgen08,80.27
329,MT PLEASANT 29,vhgen08,84.83
330,MT PLEASANT 30,vhgen08,83.75
331,MT PLEASANT 31,vhgen08,77.9
332,MT PLEASANT 32,vhgen08,79.05
333,MT PLEASANT 33,vhgen08,82.22
334,MT PLEASANT 34,vhgen08,77.3
335,MT PLEASANT 35,vhgen08,76.96
336,MT PLEASANT 36,vhgen08,80.02
337,MT PLEASANT 37,vhgen08,79.44
338,MT PLEASANT 38,vhgen08,82.42
339,MT PLEASANT 39,vhgen08,86.73
400,JAMES ISLAND 1A,vhgen08,77.03
401,JAMES ISLAND 1B,vhgen08,77.16
402,JAMES ISLAND 3,vhgen08,79.64
403,JAMES ISLAND 5A,vhgen08,78.27
404,JAMES ISLAND 5B,vhgen08,78.93
405,JAMES ISLAND 6,vhgen08,77.4
406,JAMES ISLAND 7,vhgen08,74.93
407,JAMES ISLAND 8A,vhgen08,78.36
408,JAMES ISLAND 8B,vhgen08,68.04
409,JAMES ISLAND 9,vhgen08,70.9
410,JAMES ISLAND 10,vhgen08,72.82
411,JAMES ISLAND 11,vhgen08,76.75
412,JAMES ISLAND 12,vhgen08,81.73
413,JAMES ISLAND 13,vhgen08,83.07
414,JAMES ISLAND 14,vhgen08,82.82
415,JAMES ISLAND 15,vhgen08,76.93
417,JAMES ISLAND 17,vhgen08,72.93
419,JAMES ISLAND 19,vhgen08,73.15
420,JAMES ISLAND 20,vhgen08,72.71
422,JAMES ISLAND 22,vhgen08,76.75
440,JOHNS ISLAND 1A,vhgen08,75.63
441,JOHNS ISLAND 1B,vhgen08,72.03
442,JOHNS ISLAND 2,vhgen08,74.92
443,JOHNS ISLAND 3A,vhgen08,78.89
444,JOHNS ISLAND 3B,vhgen08,80.95
445,JOHNS ISLAND 4,vhgen08,77.36
460,ST. PAULS 1,vhgen08,81.35
461,ST. PAULS 2A,vhgen08,67.07
462,ST. PAULS 2B,vhgen08,75.5
463,ST. PAULS 3,vhgen08,80.93
464,ST. PAULS 4,vhgen08,75.89
465,ST. PAULS 5,vhgen08,74.19
466,ST. PAULS 6,vhgen08,75.99
501,ST. ANDREWS 1,vhgen08,23.49
502,ST. ANDREWS 2,vhgen08,15.43
503,ST. ANDREWS 3,vhgen08,75.91
504,ST. ANDREWS 4,vhgen08,17.04
505,ST. ANDREWS 5,vhgen08,23.92
506,ST. ANDREWS 6,vhgen08,87.08
507,ST. ANDREWS 7,vhgen08,77.29
508,ST. ANDREWS 8,vhgen08,74.77
509,ST. ANDREWS 9,vhgen08,77.16
510,ST. ANDREWS 10,vhgen08,78.67
511,ST. ANDREWS 11,vhgen08,82.53
512,ST. ANDREWS 12,vhgen08,85.76
513,ST. ANDREWS 13,vhgen08,79.31
514,ST. ANDREWS 14,vhgen08,79.7
515,ST. ANDREWS 15,vhgen08,69.18
516,ST. ANDREWS 16,vhgen08,81.26
517,ST. ANDREWS 17,vhgen08,81.4
518,ST. ANDREWS 18,vhgen08,72.19
519,ST. ANDREWS 19,vhgen08,82.83
520,ST. ANDREWS 20,vhgen08,72.26
521,ST. ANDREWS 21,vhgen08,75.13
522,ST. ANDREWS 22,vhgen08,76
523,ST. ANDREWS 23,vhgen08,68.07
524,ST. ANDREWS 24,vhgen08,75.33
525,ST. ANDREWS 25,vhgen08,68.88
526,ST. ANDREWS 26,vhgen08,79.27
527,ST. ANDREWS 27,vhgen08,80.98
528,ST. ANDREWS 28,vhgen08,77.31
529,ST ANDREWS 29,vhgen08,71.31
530,ST. ANDREWS 30,vhgen08,73.42
531,ST. ANDREWS 31,vhgen08,75.81
532,ST. ANDREWS 32,vhgen08,80.14
533,ST. ANDREWS 33,vhgen08,82.93
534,ST. ANDREWS 34,vhgen08,79.54
535,ST. ANDREWS 35,vhgen08,80.29
536,ST ANDREWS 36,vhgen08,79.01
537,ST. ANDREWS 37,vhgen08,79.67
601,N. CHARLESTON 1,vhgen08,69.95
602,N. CHARLESTON 2,vhgen08,67.24
603,N. CHARLESTON 3,vhgen08,74.69
604,N. CHARLESTON 4,vhgen08,75.56
605,N. CHARLESTON 5,vhgen08,73.61
606,N. CHARLESTON 6,vhgen08,67.13
607,N. CHARLESTON 7,vhgen08,63.37
608,N. CHARLESTON 8,vhgen08,68.48
609,N. CHARLESTON 9,vhgen08,70.08
610,N. CHARLESTON 10,vhgen08,66.3
611,N. CHARLESTON 11,vhgen08,80.5
612,N. CHARLESTON 12,vhgen08,79.53
613,N. CHARLESTON 13,vhgen08,69.3
614,N. CHARLESTON 14,vhgen08,79.4
615,N. CHARLESTON 15,vhgen08,64.95
616,N. CHARLESTON 16,vhgen08,70.89
617,N. CHARLESTON 17,vhgen08,67.93
618,N. CHARLESTON 18,vhgen08,72.09
619,N. CHARLESTON 19,vhgen08,74.53
620,N. CHARLESTON 20,vhgen08,78.92
621,N. CHARLESTON 21,vhgen08,70.84
622,N. CHARLESTON 22,vhgen08,68.11
623,N. CHARLESTON 23,vhgen08,73.58
624,N. CHARLESTON 24,vhgen08,65.79
625,N. CHARLESTON 25,vhgen08,75.37
626,N. CHARLESTON 26,vhgen08,71.55
627,N. CHARLESTON 27,vhgen08,68.1
628,N. CHARLESTON 28,vhgen08,62.21
629,N. CHARLESTON 29,vhgen08,69.53
630,N. CHARLESTON 30,vhgen08,75.8
 &nbsp; ,Totals,vhgen08,75.3
4,AWENDAW,vhgen06,52.88
8,CHRIST CHURCH,vhgen06,54.71
32,SULLIVANS ISLAND,vhgen06,68.71
102,DEER PARK 1A,vhgen06,39.66
103,DEER PARK 1B,vhgen06,48.65
104,DEER PARK 2A,vhgen06,52.52
105,DEER PARK 2B,vhgen06,41.09
106,DEER PARK 2C,vhgen06,57.57
107,DEER PARK 3,vhgen06,51.45
110,LINCOLNVILLE,vhgen06,44.39
173,EDISTO ISLAND,vhgen06,61.77
174,WADMALAW ISLAND 1,vhgen06,60.07
175,WADMALAW ISLAND 2,vhgen06,61.09
180,KIAWAH ISLAND,vhgen06,69.68
181,TOWN OF SEABROOK,vhgen06,70.41
184,FOLLY BEACH 1,vhgen06,56.25
185,FOLLY BEACH 2,vhgen06,61.82
200,MCCLELLANVILLE,vhgen06,52.14
210,ISLE OF PALMS 1A,vhgen06,60.5
211,ISLE OF PALMS 1B,vhgen06,64.79
212,ISLE OF PALMS 1C,vhgen06,67.96
232,LADSON,vhgen06,44.73
301,MT. PLEASANT 1,vhgen06,61.75
302,MT. PLEASANT 2,vhgen06,60.33
303,MT PLEASANT 3,vhgen06,60.65
304,MT. PLEASANT 4,vhgen06,56.5
305,MT. PLEASANT 5,vhgen06,64.81
306,MT. PLEASANT 6,vhgen06,54.6
307,MT. PLEASANT 7,vhgen06,60.5
308,MT. PLEASANT 8,vhgen06,62.3
309,MT. PLEASANT 9,vhgen06,60.4
310,MT PLEASANT 10,vhgen06,63.61
311,MT PLEASANT 11,vhgen06,58.96
312,MT. PLEASANT 12,vhgen06,57.52
313,MT. PLEASANT 13,vhgen06,47.49
314,MT. PLEASANT 14,vhgen06,43.13
315,MT PLEASANT 15,vhgen06,59.05
316,MT PLEASANT 16,vhgen06,69.54
317,MT PLEASANT 17,vhgen06,57.7
318,MT PLEASANT 18,vhgen06,67.24
319,MT PLEASANT 19,vhgen06,52.49
320,MT PLEASANT 20,vhgen06,58.97
321,MT PLEASANT 21,vhgen06,56.36
322,MT PLEASANT 22,vhgen06,49.27
323,MT PLEASANT 23,vhgen06,46.9
324,MT PLEASANT 24,vhgen06,53.75
325,MT PLEASANT 25,vhgen06,65
326,MT PLEASANT 26,vhgen06,58.07
327,MT PLEASANT 27,vhgen06,56.27
328,MT PLEASANT 28,vhgen06,66.88
329,MT PLEASANT 29,vhgen06,65.19
330,MT PLEASANT 30,vhgen06,63.12
331,MT PLEASANT 31,vhgen06,57.36
332,MT PLEASANT 32,vhgen06,54.81
333,MT PLEASANT 33,vhgen06,56.76
334,MT PLEASANT 34,vhgen06,51.2
335,MT PLEASANT 35,vhgen06,53.79
336,MT PLEASANT 36,vhgen06,49.78
337,MT PLEASANT 37,vhgen06,49.97
338,MT PLEASANT 38,vhgen06,59
339,MT PLEASANT 39,vhgen06,62.8
400,JAMES ISLAND 1A,vhgen06,52.26
401,JAMES ISLAND 1B,vhgen06,50.19
402,JAMES ISLAND 3,vhgen06,53.95
403,JAMES ISLAND 5A,vhgen06,63.26
404,JAMES ISLAND 5B,vhgen06,60.62
405,JAMES ISLAND 6,vhgen06,52.26
406,JAMES ISLAND 7,vhgen06,51.65
407,JAMES ISLAND 8A,vhgen06,56.57
408,JAMES ISLAND 8B,vhgen06,44.2
409,JAMES ISLAND 9,vhgen06,48.99
410,JAMES ISLAND 10,vhgen06,49.75
411,JAMES ISLAND 11,vhgen06,51.86
412,JAMES ISLAND 12,vhgen06,58.82
413,JAMES ISLAND 13,vhgen06,61.36
414,JAMES ISLAND 14,vhgen06,58.94
415,JAMES ISLAND 15,vhgen06,52.1
417,JAMES ISLAND 17,vhgen06,50.8
419,JAMES ISLAND 19,vhgen06,55.12
420,JAMES ISLAND 20,vhgen06,50.21
422,JAMES ISLAND 22,vhgen06,54.79
440,JOHNS ISLAND 1A,vhgen06,55.9
441,JOHNS ISLAND 1B,vhgen06,50.5
442,JOHNS ISLAND 2,vhgen06,52.87
443,JOHNS ISLAND 3A,vhgen06,49.79
444,JOHNS ISLAND 3B,vhgen06,54.49
445,JOHNS ISLAND 4,vhgen06,51.69
460,ST. PAULS 1,vhgen06,50.36
461,ST. PAULS 2A,vhgen06,44.84
462,ST. PAULS 2B,vhgen06,47.91
463,ST. PAULS 3,vhgen06,58.88
464,ST. PAULS 4,vhgen06,48.2
465,ST. PAULS 5,vhgen06,51.06
466,ST. PAULS 6,vhgen06,50.93
501,ST. ANDREWS 1,vhgen06,52.23
502,ST. ANDREWS 2,vhgen06,50.62
503,ST. ANDREWS 3,vhgen06,50.97
504,ST. ANDREWS 4,vhgen06,65.32
505,ST. ANDREWS 5,vhgen06,66.25
506,ST. ANDREWS 6,vhgen06,65.79
507,ST. ANDREWS 7,vhgen06,56.62
508,ST. ANDREWS 8,vhgen06,48.98
509,ST. ANDREWS 9,vhgen06,43.48
510,ST. ANDREWS 10,vhgen06,52.94
511,ST. ANDREWS 11,vhgen06,64.92
512,ST. ANDREWS 12,vhgen06,61.05
513,ST. ANDREWS 13,vhgen06,64.76
514,ST. ANDREWS 14,vhgen06,56.1
515,ST. ANDREWS 15,vhgen06,40.92
516,ST. ANDREWS 16,vhgen06,59.55
517,ST. ANDREWS 17,vhgen06,58.35
518,ST. ANDREWS 18,vhgen06,46.04
519,ST. ANDREWS 19,vhgen06,57.41
520,ST. ANDREWS 20,vhgen06,48.54
521,ST. ANDREWS 21,vhgen06,52.74
522,ST. ANDREWS 22,vhgen06,3.13
523,ST. ANDREWS 23,vhgen06,35.95
524,ST. ANDREWS 24,vhgen06,47.58
525,ST. ANDREWS 25,vhgen06,41.83
526,ST. ANDREWS 26,vhgen06,51.3
527,ST. ANDREWS 27,vhgen06,52.99
528,ST. ANDREWS 28,vhgen06,47.33
529,ST ANDREWS 29,vhgen06,51.1
530,ST. ANDREWS 30,vhgen06,50.42
531,ST. ANDREWS 31,vhgen06,50.06
532,ST. ANDREWS 32,vhgen06,55.3
533,ST. ANDREWS 33,vhgen06,58.62
534,ST. ANDREWS 34,vhgen06,57.95
535,ST. ANDREWS 35,vhgen06,55.25
536,ST ANDREWS 36,vhgen06,51.67
537,ST. ANDREWS 37,vhgen06,55.16
701,CHARLESTON 1,vhgen06,67.03
702,CHARLESTON 2,vhgen06,65.67
703,CHARLESTON 3,vhgen06,68.71
704,CHARLESTON 4,vhgen06,55.26
705,CHARLESTON 5,vhgen06,55.6
706,CHARLESTON 6,vhgen06,50.1
707,CHARLESTON 7,vhgen06,48.42
708,CHARLESTON 8,vhgen06,43.65
709,CHARLESTON 9,vhgen06,38.91
710,CHARLESTON 10,vhgen06,32.76
711,CHARLESTON 11,vhgen06,40.38
712,CHARLESTON 12,vhgen06,46.92
713,CHARLESTON 13,vhgen06,49.01
714,CHARLESTON 14,vhgen06,42.9
715,CHARLESTON 15,vhgen06,23.43
716,CHARLESTON 16,vhgen06,50.72
717,CHARLESTON 17,vhgen06,55.78
718,CHARLESTON 18,vhgen06,47.37
719,CHARLESTON 19,vhgen06,53.9
720,CHARLESTON 20,vhgen06,58.52
721,CHARLESTON 21,vhgen06,42.58
901,N. CHARLESTON 1,vhgen06,38.47
902,N. CHARLESTON 2,vhgen06,37.9
903,N. CHARLESTON 3,vhgen06,55.72
904,N. CHARLESTON 4,vhgen06,45.19
905,N. CHARLESTON 5,vhgen06,40.84
906,N. CHARLESTON 6,vhgen06,39.33
907,N. CHARLESTON 7,vhgen06,30.86
908,N. CHARLESTON 8,vhgen06,45.63
909,N. CHARLESTON 9,vhgen06,45.4
910,N. CHARLESTON 10,vhgen06,38.99
911,N. CHARLESTON 11,vhgen06,60.11
912,N. CHARLESTON 12,vhgen06,45.43
913,N. CHARLESTON 13,vhgen06,41.79
914,N. CHARLESTON 14,vhgen06,56.42
915,N. CHARLESTON 15,vhgen06,25.35
916,N. CHARLESTON 16,vhgen06,40
917,N. CHARLESTON 17,vhgen06,40.1
918,N. CHARLESTON 18,vhgen06,44.6
919,N. CHARLESTON 19,vhgen06,40.82
920,N. CHARLESTON 20,vhgen06,61.4
921,N. CHARLESTON 21,vhgen06,42.41
922,N. CHARLESTON 22,vhgen06,44.62
923,N. CHARLESTON 23,vhgen06,52.04
924,N. CHARLESTON 24,vhgen06,40.3
925,N. CHARLESTON 25,vhgen06,46.23
926,N. CHARLESTON 26,vhgen06,47.3
927,N. CHARLESTON 27,vhgen06,44.66
928,N. CHARLESTON 28,vhgen06,26.49
929,N. CHARLESTON 29,vhgen06,45.03
930,N. CHARLESTON 30,vhgen06,51.28
 &nbsp; ,Totals,vhgen06,52.83